{
    "area": [
        "area", "airstrip", "animal", "community", "fishing-site", "gathering-site", "hills", "hunting-site", "lake",
        "palm", "special-site", "swidden", "threat", "tree", "plant"
    ],
    "line": [
		"line", "boundary-line", "river", "path", "stream", "threat"
    ],
    "point": [
        "point", "airstrip", "animal", "boundary-line", "building", "camp", "clay", "community", "fishing-site",
        "gathering-site", "house", "hunting-site", "palm", "cave", "plant",
        "salt-lick", "waterfall", "special-site", "swidden", "threat", "tree"
    ],
    "vertex": [
    ],
    "relation": [
    ]
}
